,names,labels
0,x0.jpg,[0.51172825 0.47496272]
1,x1.jpg,[0.50724724 0.50011892]
2,x2.jpg,[0.50500191 0.47110527]
3,x3.jpg,[0.51276647 0.50089916]
4,x4.jpg,[0.51544668 0.49995576]
5,x5.jpg,[0.50167661 0.48850742]
6,x6.jpg,[0.50356569 0.4872443 ]
7,x7.jpg,[0.50534311 0.48669654]
8,x8.jpg,[0.49935846 0.49571942]
9,x9.jpg,[0.50508641 0.51865546]
10,x10.jpg,[0.49498087 0.48114287]
11,x11.jpg,[0.52084006 0.49742008]
12,x12.jpg,[0.49184663 0.50784738]
13,x13.jpg,[0.5078087  0.49171209]
14,x14.jpg,[0.50987549 0.4982312 ]
15,x15.jpg,[0.49490676 0.50323142]
16,x16.jpg,[0.50708323 0.55329809]
17,x17.jpg,[0.51038684 0.49990736]
18,x18.jpg,[0.49911225 0.50536214]
19,x19.jpg,[0.50239357 0.46018137]
20,x20.jpg,[0.51015013 0.49969255]
21,x21.jpg,[0.498739   0.49907352]
22,x22.jpg,[0.50427209 0.48387604]
23,x23.jpg,[0.5070512  0.50891447]
24,x24.jpg,[0.50450565 0.50308904]
25,x25.jpg,[0.47587001 0.49766968]
26,x26.jpg,[0.50917905 0.50113667]
27,x27.jpg,[0.49653439 0.49702591]
28,x28.jpg,[0.50175105 0.52230663]
29,x29.jpg,[0.50649666 0.52022332]
30,x30.jpg,[0.49350641 0.49508275]
31,x31.jpg,[0.49771417 0.49529842]
32,x32.jpg,[0.50390441 0.50104979]
33,x33.jpg,[0.49951986 0.49271215]
34,x34.jpg,[0.51956964 0.51460456]
35,x35.jpg,[0.50642131 0.51860729]
36,x36.jpg,[0.52562686 0.51122658]
37,x37.jpg,[0.49565123 0.51812449]
38,x38.jpg,[0.5020008  0.51432824]
39,x39.jpg,[0.50681032 0.49102639]
40,x40.jpg,[0.49911858 0.50048492]
41,x41.jpg,[0.50420928 0.4951518 ]
42,x42.jpg,[0.50924559 0.50603902]
43,x43.jpg,[0.49979202 0.50740842]
44,x44.jpg,[0.50476443 0.52613054]
45,x45.jpg,[0.51948924 0.4845379 ]
46,x46.jpg,[0.50422641 0.52339832]
47,x47.jpg,[0.50658816 0.49925958]
48,x48.jpg,[0.50672604 0.49354977]
49,x49.jpg,[0.50603998 0.5251429 ]
50,x50.jpg,[0.5062213  0.50717146]
51,x51.jpg,[0.50348358 0.49807589]
52,x52.jpg,[0.51276317 0.50568464]
53,x53.jpg,[0.48872771 0.48699734]
54,x54.jpg,[0.52250894 0.48675599]
55,x55.jpg,[0.47882509 0.50973947]
56,x56.jpg,[0.50261826 0.5003309 ]
57,x57.jpg,[0.51043589 0.50322552]
58,x58.jpg,[0.50694563 0.51728433]
59,x59.jpg,[0.49434403 0.51378281]
60,x60.jpg,[0.50595014 0.50355091]
61,x61.jpg,[0.50615102 0.52996269]
62,x62.jpg,[0.49870249 0.49520259]
63,x63.jpg,[0.51429502 0.51350534]
64,x64.jpg,[0.50550579 0.49336417]
65,x65.jpg,[0.52541294 0.50773863]
66,x66.jpg,[0.50687052 0.47635895]
67,x67.jpg,[0.50137079 0.50657437]
68,x68.jpg,[0.49458599 0.49588365]
69,x69.jpg,[0.52556382 0.50153177]
70,x70.jpg,[0.50528838 0.49943603]
71,x71.jpg,[0.50903117 0.51692332]
72,x72.jpg,[0.50134673 0.50653839]
73,x73.jpg,[0.51023317 0.4941809 ]
74,x74.jpg,[0.50012931 0.5039381 ]
75,x75.jpg,[0.51616692 0.49257096]
76,x76.jpg,[0.51213371 0.51635302]
77,x77.jpg,[0.50887767 0.5089656 ]
78,x78.jpg,[0.50464936 0.50239712]
79,x79.jpg,[0.50544368 0.49787569]
80,x80.jpg,[0.50714222 0.50820628]
81,x81.jpg,[0.50536823 0.49460636]
82,x82.jpg,[0.51236317 0.51208973]
83,x83.jpg,[0.51146943 0.47835779]
84,x84.jpg,[0.50787603 0.50207344]
85,x85.jpg,[0.5018885  0.49238155]
86,x86.jpg,[0.49364064 0.50633839]
87,x87.jpg,[0.52526918 0.48290183]
88,x88.jpg,[0.51704844 0.52957734]
89,x89.jpg,[0.50667441 0.49794357]
90,x90.jpg,[0.50298751 0.49059163]
91,x91.jpg,[0.50370226 0.50451951]
92,x92.jpg,[0.49156919 0.50742515]
93,x93.jpg,[0.50545141 0.52057406]
94,x94.jpg,[0.50696285 0.49818814]
95,x95.jpg,[0.50767272 0.47219169]
96,x96.jpg,[0.50601511 0.49711841]
97,x97.jpg,[0.49086921 0.49473683]
98,x98.jpg,[0.51110195 0.49832729]
99,x99.jpg,[0.50842121 0.4979847 ]
100,x100.jpg,[0.50224597 0.50010536]
101,x101.jpg,[0.50193147 0.50434063]
102,x102.jpg,[0.5052882  0.49697319]
103,x103.jpg,[0.49509813 0.50754204]
104,x104.jpg,[0.50577894 0.45928564]
105,x105.jpg,[0.48934699 0.50625937]
106,x106.jpg,[0.50387591 0.51891795]
107,x107.jpg,[0.51626148 0.48138427]
108,x108.jpg,[0.50232767 0.49967729]
109,x109.jpg,[0.50681357 0.50133892]
110,x110.jpg,[0.5068991  0.49452668]
111,x111.jpg,[0.50237217 0.49389405]
112,x112.jpg,[0.49536564 0.48530994]
113,x113.jpg,[0.50583825 0.50050644]
114,x114.jpg,[0.50328478 0.51439327]
115,x115.jpg,[0.51387885 0.48510715]
116,x116.jpg,[0.52296612 0.49607471]
117,x117.jpg,[0.50746452 0.50550431]
118,x118.jpg,[0.50505375 0.48996504]
119,x119.jpg,[0.53831984 0.51059122]
120,x120.jpg,[0.5078717  0.51470893]
121,x121.jpg,[0.49763571 0.47624492]
122,x122.jpg,[0.51777383 0.50387041]
123,x123.jpg,[0.51891068 0.50158066]
124,x124.jpg,[0.4983115  0.49604952]
125,x125.jpg,[0.52652804 0.48941354]
126,x126.jpg,[0.50859427 0.51320212]
127,x127.jpg,[0.4921168  0.50942868]
128,x128.jpg,[0.50382716 0.52030479]
129,x129.jpg,[0.50545617 0.4991997 ]
130,x130.jpg,[0.48503483 0.48257889]
131,x131.jpg,[0.50449743 0.5123255 ]
132,x132.jpg,[0.51213833 0.5207744 ]
133,x133.jpg,[0.50674171 0.47508329]
134,x134.jpg,[0.4921426  0.49969691]
135,x135.jpg,[0.52320482 0.50057485]
136,x136.jpg,[0.50314142 0.49841212]
137,x137.jpg,[0.49776908 0.49939782]
138,x138.jpg,[0.52104908 0.50750673]
139,x139.jpg,[0.53084016 0.51680533]
140,x140.jpg,[0.51881283 0.53213704]
141,x141.jpg,[0.51393575 0.50022824]
142,x142.jpg,[0.48909894 0.49890951]
143,x143.jpg,[0.50713914 0.51508562]
144,x144.jpg,[0.50309611 0.49999648]
145,x145.jpg,[0.497973   0.50199138]
146,x146.jpg,[0.50777873 0.48486979]
147,x147.jpg,[0.51596523 0.50409863]
148,x148.jpg,[0.5041939  0.51599008]
149,x149.jpg,[0.51661732 0.49175404]
150,x150.jpg,[0.52391885 0.49937454]
151,x151.jpg,[0.50060988 0.4922443 ]
152,x152.jpg,[0.50604439 0.51435555]
153,x153.jpg,[0.50184791 0.49440635]
154,x154.jpg,[0.50189728 0.50151683]
155,x155.jpg,[0.49304121 0.47599544]
156,x156.jpg,[0.51157171 0.49923406]
157,x157.jpg,[0.50295064 0.51857859]
158,x158.jpg,[0.50538095 0.50814614]
159,x159.jpg,[0.5075611  0.49210573]
160,x160.jpg,[0.50457584 0.50267944]
161,x161.jpg,[0.51350008 0.47217719]
162,x162.jpg,[0.50550605 0.50269192]
163,x163.jpg,[0.50122253 0.49963347]
164,x164.jpg,[0.50133218 0.50083967]
165,x165.jpg,[0.50299729 0.46620261]
166,x166.jpg,[0.50640443 0.51109785]
167,x167.jpg,[0.5046293 0.5030321]
168,x168.jpg,[0.50659869 0.50013316]
169,x169.jpg,[0.50721726 0.52663738]
170,x170.jpg,[0.50351184 0.48562109]
171,x171.jpg,[0.4950851 0.482157 ]
172,x172.jpg,[0.50734146 0.54016173]
173,x173.jpg,[0.50611889 0.51139182]
174,x174.jpg,[0.50802958 0.49123055]
175,x175.jpg,[0.51151893 0.52174054]
176,x176.jpg,[0.52106254 0.49570808]
177,x177.jpg,[0.50846799 0.51187503]
178,x178.jpg,[0.50416229 0.50116507]
179,x179.jpg,[0.50205566 0.50267711]
180,x180.jpg,[0.48801344 0.5035481 ]
181,x181.jpg,[0.49773962 0.50168106]
182,x182.jpg,[0.49220564 0.50844297]
183,x183.jpg,[0.51499838 0.51421418]
184,x184.jpg,[0.48991532 0.48943351]
185,x185.jpg,[0.51205294 0.49724697]
186,x186.jpg,[0.50215937 0.50097098]
187,x187.jpg,[0.51408799 0.50061359]
188,x188.jpg,[0.51168117 0.47603371]
189,x189.jpg,[0.50342439 0.51623668]
190,x190.jpg,[0.51385691 0.47967966]
191,x191.jpg,[0.50157447 0.47546357]
192,x192.jpg,[0.51076946 0.50094001]
193,x193.jpg,[0.49343468 0.50368294]
194,x194.jpg,[0.50900475 0.50075991]
195,x195.jpg,[0.49391252 0.5032947 ]
196,x196.jpg,[0.4965332  0.46866668]
197,x197.jpg,[0.50540071 0.49953759]
198,x198.jpg,[0.50506371 0.52298697]
199,x199.jpg,[0.49492262 0.50211921]
200,x200.jpg,[0.50527098 0.49259068]
201,x201.jpg,[0.51470957 0.49734762]
202,x202.jpg,[0.50454858 0.50488943]
203,x203.jpg,[0.5238341  0.50047572]
204,x204.jpg,[0.52502246 0.48187177]
205,x205.jpg,[0.500252   0.50547544]
206,x206.jpg,[0.52434125 0.49872217]
207,x207.jpg,[0.50297562 0.49331487]
208,x208.jpg,[0.50533962 0.50594493]
209,x209.jpg,[0.49971558 0.49964565]
210,x210.jpg,[0.51542167 0.49281056]
211,x211.jpg,[0.50653563 0.50291453]
212,x212.jpg,[0.50456763 0.49292479]
213,x213.jpg,[0.51047799 0.50543634]
214,x214.jpg,[0.51093866 0.50187254]
215,x215.jpg,[0.50625898 0.53012757]
216,x216.jpg,[0.5251862  0.49092677]
217,x217.jpg,[0.52107202 0.51446107]
218,x218.jpg,[0.49962278 0.50177024]
219,x219.jpg,[0.52408225 0.50048881]
220,x220.jpg,[0.50388193 0.50152248]
221,x221.jpg,[0.48278593 0.50247528]
222,x222.jpg,[0.52329268 0.48327822]
223,x223.jpg,[0.50336855 0.49337955]
224,x224.jpg,[0.53041099 0.48262849]
225,x225.jpg,[0.50557958 0.50044231]
226,x226.jpg,[0.50337771 0.50326743]
227,x227.jpg,[0.514195   0.52177962]
228,x228.jpg,[0.51013623 0.4952233 ]
229,x229.jpg,[0.4977323  0.50049701]
230,x230.jpg,[0.51044131 0.46960743]
231,x231.jpg,[0.50564623 0.50792249]
232,x232.jpg,[0.51288942 0.48862371]
233,x233.jpg,[0.51544293 0.50040877]
234,x234.jpg,[0.50820769 0.52087595]
235,x235.jpg,[0.50540037 0.50727473]
236,x236.jpg,[0.50640764 0.49730619]
237,x237.jpg,[0.50598756 0.51877222]
238,x238.jpg,[0.50500855 0.49991066]
239,x239.jpg,[0.5068766  0.50178267]
240,x240.jpg,[0.50666203 0.51616062]
241,x241.jpg,[0.50287369 0.51142892]
242,x242.jpg,[0.49867706 0.4993285 ]
243,x243.jpg,[0.49468498 0.49999579]
244,x244.jpg,[0.49081297 0.51612269]
245,x245.jpg,[0.50463995 0.49747649]
246,x246.jpg,[0.51814058 0.49340021]
247,x247.jpg,[0.50706    0.50969253]
248,x248.jpg,[0.50350076 0.49600085]
249,x249.jpg,[0.52405293 0.49082412]
250,x250.jpg,[0.4976733 0.5002404]
251,x251.jpg,[0.50645652 0.50314874]
252,x252.jpg,[0.52526889 0.50850227]
253,x253.jpg,[0.50844085 0.48829764]
254,x254.jpg,[0.52004968 0.4959228 ]
255,x255.jpg,[0.5001971  0.49784611]
256,x256.jpg,[0.50739902 0.49297197]
257,x257.jpg,[0.50548489 0.49670085]
258,x258.jpg,[0.50154133 0.51091561]
259,x259.jpg,[0.52169836 0.50304887]
260,x260.jpg,[0.50258389 0.49735407]
261,x261.jpg,[0.50515882 0.49851231]
262,x262.jpg,[0.50409682 0.51710267]
263,x263.jpg,[0.50476012 0.51387075]
264,x264.jpg,[0.51170749 0.50057005]
265,x265.jpg,[0.51300316 0.50888497]
266,x266.jpg,[0.49972119 0.48663361]
267,x267.jpg,[0.50127466 0.49809415]
268,x268.jpg,[0.49878807 0.50186299]
269,x269.jpg,[0.51098981 0.50468331]
270,x270.jpg,[0.50272387 0.50271927]
271,x271.jpg,[0.49377578 0.48150069]
272,x272.jpg,[0.51649358 0.50026759]
273,x273.jpg,[0.50823994 0.46729478]
274,x274.jpg,[0.51218505 0.50537559]
275,x275.jpg,[0.51259055 0.48481866]
276,x276.jpg,[0.50191766 0.48428106]
277,x277.jpg,[0.49744412 0.50690086]
278,x278.jpg,[0.5045219  0.52051101]
279,x279.jpg,[0.49834617 0.49177529]
280,x280.jpg,[0.50667937 0.48927342]
281,x281.jpg,[0.50645866 0.51125314]
282,x282.jpg,[0.49297153 0.49690836]
283,x283.jpg,[0.50999502 0.4968281 ]
284,x284.jpg,[0.50169864 0.50131284]
285,x285.jpg,[0.50997804 0.50746347]
286,x286.jpg,[0.49264467 0.48810614]
287,x287.jpg,[0.49237004 0.5104806 ]
288,x288.jpg,[0.50413573 0.50963651]
289,x289.jpg,[0.52062856 0.48023136]
290,x290.jpg,[0.49257706 0.51184058]
291,x291.jpg,[0.53777826 0.50409638]
292,x292.jpg,[0.50557849 0.49607077]
293,x293.jpg,[0.52265402 0.53484987]
294,x294.jpg,[0.50596154 0.50132918]
295,x295.jpg,[0.50140235 0.49575865]
296,x296.jpg,[0.50467021 0.49008543]
297,x297.jpg,[0.50394718 0.51716282]
298,x298.jpg,[0.50777523 0.51055038]
299,x299.jpg,[0.50972162 0.49435282]
300,x300.jpg,[0.50103154 0.49677058]
301,x301.jpg,[0.5033221  0.50965784]
302,x302.jpg,[0.50786965 0.5042078 ]
303,x303.jpg,[0.50558029 0.5177123 ]
304,x304.jpg,[0.51019786 0.50196491]
305,x305.jpg,[0.50684916 0.4983192 ]
306,x306.jpg,[0.51886178 0.49894926]
307,x307.jpg,[0.5073542 0.4944922]
308,x308.jpg,[0.49955033 0.50128353]
309,x309.jpg,[0.50431411 0.49143192]
310,x310.jpg,[0.51480241 0.50948545]
311,x311.jpg,[0.48837405 0.52333916]
312,x312.jpg,[0.50616159 0.47668023]
313,x313.jpg,[0.50468263 0.48642418]
314,x314.jpg,[0.49872588 0.53095208]
315,x315.jpg,[0.50528924 0.53645768]
316,x316.jpg,[0.50635981 0.50767777]
317,x317.jpg,[0.50392927 0.48834011]
318,x318.jpg,[0.48702465 0.51550508]
319,x319.jpg,[0.52599494 0.50360187]
320,x320.jpg,[0.50187164 0.50171841]
321,x321.jpg,[0.51326031 0.48854546]
322,x322.jpg,[0.5055284  0.50556109]
323,x323.jpg,[0.5365205  0.47550595]
324,x324.jpg,[0.50124945 0.50664642]
325,x325.jpg,[0.50837254 0.50227216]
326,x326.jpg,[0.50806758 0.48460227]
327,x327.jpg,[0.49981343 0.49730561]
328,x328.jpg,[0.49850918 0.51471723]
329,x329.jpg,[0.50249292 0.50079146]
330,x330.jpg,[0.48358523 0.49149336]
331,x331.jpg,[0.50715033 0.49363017]
332,x332.jpg,[0.51143061 0.50153043]
333,x333.jpg,[0.50693724 0.47594739]
334,x334.jpg,[0.50147834 0.54492837]
335,x335.jpg,[0.50442115 0.50985299]
336,x336.jpg,[0.50510237 0.51198288]
337,x337.jpg,[0.50398266 0.51262836]
338,x338.jpg,[0.50509848 0.48803221]
339,x339.jpg,[0.48764506 0.49606436]
340,x340.jpg,[0.50195059 0.50201546]
341,x341.jpg,[0.50541852 0.50352451]
342,x342.jpg,[0.50171055 0.49302705]
343,x343.jpg,[0.50432996 0.50438547]
344,x344.jpg,[0.48954876 0.49288947]
345,x345.jpg,[0.50429545 0.50474616]
346,x346.jpg,[0.52430597 0.48500304]
347,x347.jpg,[0.50145245 0.48935569]
348,x348.jpg,[0.50311176 0.4957693 ]
349,x349.jpg,[0.50256051 0.4925931 ]
350,x350.jpg,[0.49415474 0.50342396]
351,x351.jpg,[0.51345921 0.49841263]
352,x352.jpg,[0.4988731  0.45528224]
353,x353.jpg,[0.50558228 0.48939362]
354,x354.jpg,[0.5191866  0.48126674]
355,x355.jpg,[0.50551705 0.50728782]
356,x356.jpg,[0.50714913 0.50597583]
357,x357.jpg,[0.50648602 0.51467566]
358,x358.jpg,[0.53292683 0.52739985]
359,x359.jpg,[0.51066871 0.4972045 ]
360,x360.jpg,[0.50734944 0.51491631]
361,x361.jpg,[0.52664934 0.49264598]
362,x362.jpg,[0.51656932 0.51537797]
363,x363.jpg,[0.50081262 0.5058333 ]
364,x364.jpg,[0.50391808 0.49761862]
365,x365.jpg,[0.50422094 0.4982716 ]
366,x366.jpg,[0.50605645 0.464204  ]
367,x367.jpg,[0.50363889 0.4925067 ]
368,x368.jpg,[0.50965377 0.50160695]
369,x369.jpg,[0.50853503 0.51661495]
370,x370.jpg,[0.50210903 0.49528264]
371,x371.jpg,[0.50817225 0.49615853]
372,x372.jpg,[0.50512462 0.49930408]
373,x373.jpg,[0.50803301 0.51213154]
374,x374.jpg,[0.49855361 0.49285342]
375,x375.jpg,[0.50485058 0.49328126]
376,x376.jpg,[0.52270504 0.48100663]
377,x377.jpg,[0.52849319 0.50288584]
378,x378.jpg,[0.51805337 0.48913907]
379,x379.jpg,[0.50931501 0.49637368]
380,x380.jpg,[0.50528931 0.48515632]
381,x381.jpg,[0.4963168  0.50116449]
382,x382.jpg,[0.50399871 0.50257832]
383,x383.jpg,[0.5080151  0.51002458]
384,x384.jpg,[0.49614967 0.49521408]
385,x385.jpg,[0.50413448 0.51183529]
386,x386.jpg,[0.5276897  0.49138123]
387,x387.jpg,[0.50504759 0.53175184]
388,x388.jpg,[0.50021128 0.50112617]
389,x389.jpg,[0.50824839 0.50604099]
390,x390.jpg,[0.50305501 0.4952673 ]
391,x391.jpg,[0.50636734 0.51639845]
392,x392.jpg,[0.51062449 0.52243335]
393,x393.jpg,[0.50874915 0.52131433]
394,x394.jpg,[0.48885069 0.48613853]
395,x395.jpg,[0.5355677  0.51029138]
396,x396.jpg,[0.50193343 0.49709973]
397,x397.jpg,[0.51374597 0.49720088]
398,x398.jpg,[0.51046326 0.49856556]
399,x399.jpg,[0.50721011 0.48059446]
400,x400.jpg,[0.51988329 0.4920438 ]
401,x401.jpg,[0.50899696 0.50708348]
402,x402.jpg,[0.50591219 0.50002041]
403,x403.jpg,[0.50748371 0.48123735]
404,x404.jpg,[0.50721667 0.49503514]
405,x405.jpg,[0.51670949 0.49552627]
406,x406.jpg,[0.50673766 0.48081868]
407,x407.jpg,[0.51537105 0.4980191 ]
408,x408.jpg,[0.50807253 0.5158836 ]
409,x409.jpg,[0.50903539 0.51811114]
410,x410.jpg,[0.50672961 0.4939908 ]
411,x411.jpg,[0.5069012  0.49551961]
412,x412.jpg,[0.53501147 0.50393326]
413,x413.jpg,[0.50502761 0.51334976]
414,x414.jpg,[0.50518813 0.53453711]
415,x415.jpg,[0.53361629 0.49490197]
416,x416.jpg,[0.50296452 0.50313186]
417,x417.jpg,[0.50798985 0.50738328]
418,x418.jpg,[0.48864281 0.50352558]
419,x419.jpg,[0.50466985 0.50646859]
420,x420.jpg,[0.50798744 0.48850675]
421,x421.jpg,[0.50382045 0.50656295]
422,x422.jpg,[0.53263584 0.4900718 ]
423,x423.jpg,[0.51797857 0.50361682]
424,x424.jpg,[0.49631874 0.49248637]
425,x425.jpg,[0.51112248 0.49627795]
426,x426.jpg,[0.50993777 0.49001634]
427,x427.jpg,[0.51196132 0.51684284]
428,x428.jpg,[0.48484978 0.50352817]
429,x429.jpg,[0.50628608 0.50878355]
430,x430.jpg,[0.50919729 0.48443483]
431,x431.jpg,[0.54485328 0.51699927]
432,x432.jpg,[0.5144131 0.5020402]
433,x433.jpg,[0.52295758 0.50202724]
434,x434.jpg,[0.50875782 0.49751277]
435,x435.jpg,[0.50885461 0.52422289]
436,x436.jpg,[0.51570895 0.50089456]
437,x437.jpg,[0.51178658 0.50190306]
438,x438.jpg,[0.45399182 0.50760055]
439,x439.jpg,[0.51983771 0.50576863]
440,x440.jpg,[0.50671461 0.49611563]
441,x441.jpg,[0.5016876  0.49757516]
442,x442.jpg,[0.51779037 0.49611863]
443,x443.jpg,[0.4826291  0.49637348]
444,x444.jpg,[0.50161167 0.48697204]
445,x445.jpg,[0.49113023 0.50653938]
446,x446.jpg,[0.50292504 0.49225435]
447,x447.jpg,[0.50856692 0.50984896]
448,x448.jpg,[0.50154344 0.48946314]
449,x449.jpg,[0.50574127 0.49836866]
450,x450.jpg,[0.51799775 0.49586659]
451,x451.jpg,[0.50358364 0.46804378]
452,x452.jpg,[0.53125392 0.50762472]
453,x453.jpg,[0.51219182 0.51003407]
454,x454.jpg,[0.50546043 0.50170757]
455,x455.jpg,[0.50567773 0.50362721]
456,x456.jpg,[0.52412779 0.50081549]
457,x457.jpg,[0.50780708 0.51620807]
458,x458.jpg,[0.50204381 0.4970361 ]
459,x459.jpg,[0.50728895 0.49280836]
460,x460.jpg,[0.50710585 0.51402905]
461,x461.jpg,[0.50157098 0.49984988]
462,x462.jpg,[0.50021308 0.49414641]
463,x463.jpg,[0.52341235 0.50393571]
464,x464.jpg,[0.50748907 0.50478953]
465,x465.jpg,[0.50153698 0.49409636]
466,x466.jpg,[0.50584227 0.50607751]
467,x467.jpg,[0.50091513 0.49929393]
468,x468.jpg,[0.50742524 0.48203065]
469,x469.jpg,[0.50699392 0.47224641]
470,x470.jpg,[0.49703396 0.48151536]
471,x471.jpg,[0.50274995 0.51628139]
472,x472.jpg,[0.51073107 0.49796046]
473,x473.jpg,[0.50418524 0.50046725]
474,x474.jpg,[0.50192379 0.50303157]
475,x475.jpg,[0.50888557 0.49325417]
476,x476.jpg,[0.50287391 0.49425091]
477,x477.jpg,[0.49205524 0.5544942 ]
478,x478.jpg,[0.55575237 0.49512157]
479,x479.jpg,[0.49120202 0.50571199]
480,x480.jpg,[0.52803032 0.51010742]
481,x481.jpg,[0.50737122 0.51206948]
482,x482.jpg,[0.50060517 0.5028045 ]
483,x483.jpg,[0.49056767 0.49571705]
484,x484.jpg,[0.51002088 0.50425535]
485,x485.jpg,[0.4895013  0.50857647]
486,x486.jpg,[0.4890276  0.51821221]
487,x487.jpg,[0.5053198  0.52395674]
488,x488.jpg,[0.49687435 0.50085407]
489,x489.jpg,[0.49245261 0.50851621]
490,x490.jpg,[0.51257437 0.51193128]
491,x491.jpg,[0.50471447 0.50914652]
492,x492.jpg,[0.47805473 0.49457611]
493,x493.jpg,[0.50992413 0.47566446]
494,x494.jpg,[0.50260469 0.50679863]
495,x495.jpg,[0.49144257 0.49853983]
496,x496.jpg,[0.49458357 0.49917257]
497,x497.jpg,[0.50191522 0.50914333]
498,x498.jpg,[0.50200346 0.50994132]
499,x499.jpg,[0.50960406 0.48098869]
500,x500.jpg,[0.5058818  0.49982115]
501,x501.jpg,[0.50407793 0.49269357]
502,x502.jpg,[0.50309323 0.49116464]
503,x503.jpg,[0.5089967  0.51916713]
504,x504.jpg,[0.49431937 0.48715934]
505,x505.jpg,[0.50682278 0.51084142]
506,x506.jpg,[0.50826542 0.49542466]
507,x507.jpg,[0.50994375 0.47817235]
508,x508.jpg,[0.48817511 0.48975626]
509,x509.jpg,[0.50553098 0.46759797]
510,x510.jpg,[0.52272461 0.50579767]
511,x511.jpg,[0.5130522  0.50298719]
512,x512.jpg,[0.50965768 0.50012733]
513,x513.jpg,[0.50546449 0.50562881]
514,x514.jpg,[0.50479795 0.4888105 ]
515,x515.jpg,[0.50323969 0.44846343]
516,x516.jpg,[0.51884177 0.51248527]
517,x517.jpg,[0.48329063 0.50199294]
518,x518.jpg,[0.50502835 0.49960336]
519,x519.jpg,[0.50578824 0.50200093]
520,x520.jpg,[0.50042369 0.48915639]
521,x521.jpg,[0.49204759 0.50079176]
522,x522.jpg,[0.51505159 0.50237541]
523,x523.jpg,[0.49808926 0.50792191]
524,x524.jpg,[0.51152978 0.50606961]
525,x525.jpg,[0.51139139 0.49180844]
526,x526.jpg,[0.50486194 0.4946433 ]
527,x527.jpg,[0.50877661 0.50801291]
528,x528.jpg,[0.50069688 0.49965116]
529,x529.jpg,[0.50443476 0.47981716]
530,x530.jpg,[0.50448666 0.47561187]
531,x531.jpg,[0.49007422 0.50453134]
532,x532.jpg,[0.51475777 0.469434  ]
533,x533.jpg,[0.50014498 0.49654945]
534,x534.jpg,[0.50546809 0.50033517]
535,x535.jpg,[0.50658985 0.5251152 ]
536,x536.jpg,[0.50328933 0.49873874]
537,x537.jpg,[0.50849505 0.50037554]
538,x538.jpg,[0.50725345 0.49592255]
539,x539.jpg,[0.4993816  0.49515108]
540,x540.jpg,[0.50122874 0.51318053]
541,x541.jpg,[0.50858978 0.49067215]
542,x542.jpg,[0.50265959 0.50662031]
543,x543.jpg,[0.50305691 0.48849682]
544,x544.jpg,[0.51347142 0.51430167]
545,x545.jpg,[0.52399969 0.49432379]
546,x546.jpg,[0.51562173 0.505499  ]
547,x547.jpg,[0.50814728 0.47187763]
548,x548.jpg,[0.50712412 0.51736748]
549,x549.jpg,[0.50529361 0.49176766]
550,x550.jpg,[0.48926506 0.49023734]
551,x551.jpg,[0.50662124 0.48631499]
552,x552.jpg,[0.51948003 0.49652374]
553,x553.jpg,[0.51235326 0.49887305]
554,x554.jpg,[0.52765477 0.48539786]
555,x555.jpg,[0.50632866 0.49529834]
556,x556.jpg,[0.50991135 0.49145597]
557,x557.jpg,[0.52313015 0.49943529]
558,x558.jpg,[0.5091084  0.53068222]
559,x559.jpg,[0.49795346 0.49164352]
560,x560.jpg,[0.50095415 0.51974534]
561,x561.jpg,[0.50387085 0.50668294]
562,x562.jpg,[0.50946971 0.47671512]
563,x563.jpg,[0.49673335 0.50032991]
564,x564.jpg,[0.50669101 0.53481389]
565,x565.jpg,[0.51261492 0.50506289]
566,x566.jpg,[0.50338646 0.50168996]
567,x567.jpg,[0.52910638 0.4960038 ]
568,x568.jpg,[0.50332155 0.49765728]
569,x569.jpg,[0.50167564 0.50940107]
570,x570.jpg,[0.50679679 0.50670714]
571,x571.jpg,[0.50186069 0.47753311]
572,x572.jpg,[0.50578987 0.513422  ]
573,x573.jpg,[0.49296675 0.48066622]
574,x574.jpg,[0.511121   0.48136785]
575,x575.jpg,[0.5113025  0.48129184]
576,x576.jpg,[0.50555866 0.49687737]
577,x577.jpg,[0.50839042 0.52103992]
578,x578.jpg,[0.50251565 0.45077177]
579,x579.jpg,[0.49805118 0.49835746]
580,x580.jpg,[0.49988403 0.50423991]
581,x581.jpg,[0.50860076 0.48202598]
582,x582.jpg,[0.5240294  0.48933436]
583,x583.jpg,[0.53381289 0.49905722]
584,x584.jpg,[0.51032997 0.51740444]
585,x585.jpg,[0.50756259 0.50362821]
586,x586.jpg,[0.50665446 0.48227203]
587,x587.jpg,[0.4828251  0.49848736]
588,x588.jpg,[0.52634059 0.49022595]
589,x589.jpg,[0.50690616 0.50032558]
590,x590.jpg,[0.50575854 0.50127927]
591,x591.jpg,[0.5112755 0.509193 ]
592,x592.jpg,[0.50328096 0.50792797]
593,x593.jpg,[0.51550487 0.49583564]
594,x594.jpg,[0.50009489 0.49506938]
595,x595.jpg,[0.50504552 0.49948526]
596,x596.jpg,[0.50380023 0.54322636]
597,x597.jpg,[0.50546547 0.49951479]
598,x598.jpg,[0.50483449 0.5123411 ]
599,x599.jpg,[0.49242099 0.48531402]
600,x600.jpg,[0.48854667 0.51177252]
601,x601.jpg,[0.49679882 0.48851702]
602,x602.jpg,[0.50475484 0.49640681]
603,x603.jpg,[0.5164293  0.50023535]
604,x604.jpg,[0.52722329 0.48950406]
605,x605.jpg,[0.50567538 0.52267794]
606,x606.jpg,[0.4915293  0.50377368]
607,x607.jpg,[0.545991   0.49825921]
608,x608.jpg,[0.50787304 0.49086228]
609,x609.jpg,[0.5153815  0.51890727]
610,x610.jpg,[0.50722168 0.49904727]
611,x611.jpg,[0.51650495 0.50360348]
612,x612.jpg,[0.51473852 0.501008  ]
613,x613.jpg,[0.48958099 0.50120494]
614,x614.jpg,[0.47742736 0.49177007]
615,x615.jpg,[0.50976969 0.5004638 ]
616,x616.jpg,[0.5110895  0.52887237]
617,x617.jpg,[0.5210628 0.5151444]
618,x618.jpg,[0.50040969 0.50380348]
619,x619.jpg,[0.50662811 0.52268163]
620,x620.jpg,[0.51670856 0.50216936]
621,x621.jpg,[0.48322875 0.51166628]
622,x622.jpg,[0.50594692 0.51822192]
623,x623.jpg,[0.4979921  0.51050918]
624,x624.jpg,[0.5058167  0.49478429]
625,x625.jpg,[0.50743517 0.49974323]
626,x626.jpg,[0.5063918  0.51366643]
627,x627.jpg,[0.50826247 0.53626044]
628,x628.jpg,[0.50716708 0.49600672]
629,x629.jpg,[0.50779663 0.46292209]
630,x630.jpg,[0.50605149 0.49073517]
631,x631.jpg,[0.50883459 0.4964163 ]
632,x632.jpg,[0.50082883 0.49736282]
633,x633.jpg,[0.52991648 0.50504048]
634,x634.jpg,[0.5017207  0.49607255]
635,x635.jpg,[0.50184256 0.50049283]
636,x636.jpg,[0.48601733 0.52435133]
637,x637.jpg,[0.52604466 0.49702255]
638,x638.jpg,[0.52571752 0.50711572]
639,x639.jpg,[0.50156002 0.49389244]
640,x640.jpg,[0.50332152 0.53198775]
641,x641.jpg,[0.50572529 0.47066762]
642,x642.jpg,[0.50223556 0.51782306]
643,x643.jpg,[0.50032017 0.5088269 ]
644,x644.jpg,[0.52377367 0.48632268]
645,x645.jpg,[0.51087048 0.50430195]
646,x646.jpg,[0.50587402 0.50322477]
647,x647.jpg,[0.48258155 0.48751079]
648,x648.jpg,[0.5056486  0.48843699]
649,x649.jpg,[0.49836765 0.49514547]
650,x650.jpg,[0.50333982 0.48500868]
651,x651.jpg,[0.49638418 0.50287241]
652,x652.jpg,[0.52294973 0.49291498]
653,x653.jpg,[0.51355161 0.48079424]
654,x654.jpg,[0.51330537 0.48883325]
655,x655.jpg,[0.50659405 0.50881644]
656,x656.jpg,[0.50587651 0.49608335]
657,x657.jpg,[0.51310779 0.50183074]
658,x658.jpg,[0.51626713 0.50492336]
659,x659.jpg,[0.49578755 0.51256161]
660,x660.jpg,[0.51703864 0.49947169]
661,x661.jpg,[0.51223392 0.50794554]
662,x662.jpg,[0.50827327 0.50483489]
663,x663.jpg,[0.50893726 0.51735974]
664,x664.jpg,[0.53587552 0.49746202]
665,x665.jpg,[0.49705154 0.49374259]
666,x666.jpg,[0.5038342  0.50456829]
667,x667.jpg,[0.5171872  0.49921911]
668,x668.jpg,[0.510777   0.49872416]
669,x669.jpg,[0.50574561 0.51794541]
670,x670.jpg,[0.52763898 0.52572918]
671,x671.jpg,[0.51188817 0.49986705]
672,x672.jpg,[0.51716471 0.49595575]
673,x673.jpg,[0.51184136 0.51627852]
674,x674.jpg,[0.50624176 0.4862174 ]
675,x675.jpg,[0.50800709 0.48813715]
676,x676.jpg,[0.48706765 0.49224283]
677,x677.jpg,[0.49950208 0.47963454]
678,x678.jpg,[0.50238644 0.49960983]
679,x679.jpg,[0.53441265 0.49093474]
680,x680.jpg,[0.50338813 0.50843928]
681,x681.jpg,[0.49756475 0.50929407]
682,x682.jpg,[0.50461961 0.50062093]
683,x683.jpg,[0.50725878 0.49833814]
684,x684.jpg,[0.49870921 0.49595976]
685,x685.jpg,[0.5066614  0.45322538]
686,x686.jpg,[0.50543574 0.49494897]
687,x687.jpg,[0.48521055 0.49619886]
688,x688.jpg,[0.51030193 0.47765661]
689,x689.jpg,[0.50652407 0.49199283]
690,x690.jpg,[0.50462805 0.53509844]
691,x691.jpg,[0.50698416 0.50359502]
692,x692.jpg,[0.50352767 0.48497662]
693,x693.jpg,[0.50407415 0.51138954]
694,x694.jpg,[0.50461507 0.49876454]
695,x695.jpg,[0.50166746 0.51485604]
696,x696.jpg,[0.51672207 0.50252262]
697,x697.jpg,[0.50716544 0.50265084]
698,x698.jpg,[0.50467407 0.52056379]
699,x699.jpg,[0.45828414 0.50409837]
700,x700.jpg,[0.50557    0.49964156]
701,x701.jpg,[0.51446089 0.48368171]
702,x702.jpg,[0.51230157 0.4965616 ]
703,x703.jpg,[0.5392953  0.53334541]
704,x704.jpg,[0.50109348 0.49372501]
705,x705.jpg,[0.50554306 0.48074615]
706,x706.jpg,[0.50315371 0.47524165]
707,x707.jpg,[0.50086211 0.46974169]
708,x708.jpg,[0.50781423 0.50241906]
709,x709.jpg,[0.5113854  0.49591681]
710,x710.jpg,[0.51669555 0.50731687]
711,x711.jpg,[0.51011942 0.50856531]
712,x712.jpg,[0.50705291 0.44814199]
713,x713.jpg,[0.50442904 0.48961226]
714,x714.jpg,[0.50608845 0.50923521]
715,x715.jpg,[0.52944894 0.52466323]
716,x716.jpg,[0.50655482 0.49599087]
717,x717.jpg,[0.50387438 0.51426104]
718,x718.jpg,[0.50876771 0.48570169]
719,x719.jpg,[0.50244156 0.51459674]
720,x720.jpg,[0.51923257 0.49575634]
721,x721.jpg,[0.50607131 0.46577841]
722,x722.jpg,[0.50918452 0.49038054]
723,x723.jpg,[0.48742544 0.50448749]
724,x724.jpg,[0.47106884 0.49742696]
725,x725.jpg,[0.50425632 0.48444015]
726,x726.jpg,[0.50425002 0.51856576]
727,x727.jpg,[0.50664238 0.52153797]
728,x728.jpg,[0.52045641 0.4870248 ]
729,x729.jpg,[0.50693741 0.52840429]
730,x730.jpg,[0.51444945 0.50364663]
731,x731.jpg,[0.51570886 0.49895358]
732,x732.jpg,[0.51457794 0.5141454 ]
733,x733.jpg,[0.51423578 0.4913577 ]
734,x734.jpg,[0.50949107 0.4934323 ]
735,x735.jpg,[0.50415716 0.52351786]
736,x736.jpg,[0.49647579 0.49293782]
737,x737.jpg,[0.49763265 0.4809162 ]
738,x738.jpg,[0.49892334 0.51457927]
739,x739.jpg,[0.50357531 0.47781022]
740,x740.jpg,[0.5097219  0.50781775]
741,x741.jpg,[0.48262789 0.49684401]
742,x742.jpg,[0.50395185 0.47601379]
743,x743.jpg,[0.49583376 0.49623069]
744,x744.jpg,[0.47718819 0.49953417]
745,x745.jpg,[0.50488825 0.49214898]
746,x746.jpg,[0.50728159 0.49179087]
747,x747.jpg,[0.50567019 0.49658075]
748,x748.jpg,[0.48709643 0.49850719]
749,x749.jpg,[0.50267503 0.47441798]
750,x750.jpg,[0.50708858 0.48488113]
751,x751.jpg,[0.50499611 0.50229997]
752,x752.jpg,[0.49783852 0.48078633]
753,x753.jpg,[0.50822882 0.48333454]
754,x754.jpg,[0.50496031 0.49823767]
755,x755.jpg,[0.51531304 0.49736783]
756,x756.jpg,[0.50461985 0.51419888]
757,x757.jpg,[0.50675773 0.5013524 ]
758,x758.jpg,[0.51926686 0.48371639]
759,x759.jpg,[0.53746836 0.50473159]
760,x760.jpg,[0.51253705 0.50137317]
761,x761.jpg,[0.50172639 0.49847314]
762,x762.jpg,[0.5086016  0.51081276]
763,x763.jpg,[0.4934332  0.50187283]
764,x764.jpg,[0.50883029 0.52150397]
765,x765.jpg,[0.51077723 0.49671487]
766,x766.jpg,[0.5040538  0.49289919]
767,x767.jpg,[0.50695303 0.4971806 ]
768,x768.jpg,[0.50447442 0.50223115]
769,x769.jpg,[0.4917236  0.51385058]
770,x770.jpg,[0.50596437 0.49980181]
771,x771.jpg,[0.50870499 0.50756154]
772,x772.jpg,[0.5032569  0.49301289]
773,x773.jpg,[0.507918   0.47829926]
774,x774.jpg,[0.49088932 0.49359871]
775,x775.jpg,[0.50772839 0.51216767]
776,x776.jpg,[0.49801866 0.51611607]
777,x777.jpg,[0.49816397 0.51695864]
778,x778.jpg,[0.52231049 0.49022243]
779,x779.jpg,[0.50685407 0.50960197]
780,x780.jpg,[0.49710442 0.48943271]
781,x781.jpg,[0.50509547 0.51883637]
782,x782.jpg,[0.50400674 0.47777847]
783,x783.jpg,[0.50771202 0.51109351]
784,x784.jpg,[0.50446328 0.50769624]
785,x785.jpg,[0.54204201 0.49989131]
786,x786.jpg,[0.50193366 0.49897953]
787,x787.jpg,[0.53010032 0.48605113]
788,x788.jpg,[0.53779915 0.51287439]
789,x789.jpg,[0.50824797 0.46707862]
790,x790.jpg,[0.48724716 0.49816621]
791,x791.jpg,[0.49511481 0.50784242]
792,x792.jpg,[0.50307469 0.51796094]
793,x793.jpg,[0.49303942 0.49967076]
794,x794.jpg,[0.51163463 0.49889592]
795,x795.jpg,[0.50903034 0.53300446]
796,x796.jpg,[0.48694972 0.4997322 ]
797,x797.jpg,[0.50774761 0.48665509]
798,x798.jpg,[0.53207138 0.50302867]
799,x799.jpg,[0.50443261 0.51945054]
800,x800.jpg,[0.50312068 0.48110292]
801,x801.jpg,[0.50814481 0.47579187]
802,x802.jpg,[0.49837768 0.53218214]
803,x803.jpg,[0.48368842 0.50142252]
804,x804.jpg,[0.50312648 0.52504367]
805,x805.jpg,[0.5350513  0.49812058]
806,x806.jpg,[0.5011014  0.48774766]
807,x807.jpg,[0.50783813 0.50921107]
808,x808.jpg,[0.50683057 0.48077651]
809,x809.jpg,[0.50631707 0.51145853]
810,x810.jpg,[0.50836179 0.54555323]
811,x811.jpg,[0.48927629 0.50262163]
812,x812.jpg,[0.50877491 0.49101385]
813,x813.jpg,[0.49969213 0.48401598]
814,x814.jpg,[0.50905107 0.48828939]
815,x815.jpg,[0.50286742 0.49996585]
816,x816.jpg,[0.49195839 0.50757511]
817,x817.jpg,[0.50578768 0.48456688]
818,x818.jpg,[0.49570902 0.50509686]
819,x819.jpg,[0.50553764 0.50789994]
820,x820.jpg,[0.51066051 0.51012244]
821,x821.jpg,[0.53432795 0.51213949]
822,x822.jpg,[0.5237568  0.47439855]
823,x823.jpg,[0.51044711 0.50576206]
824,x824.jpg,[0.50580468 0.52060692]
825,x825.jpg,[0.50737425 0.49025089]
826,x826.jpg,[0.51205381 0.50069585]
827,x827.jpg,[0.52938271 0.50342171]
828,x828.jpg,[0.50765486 0.49902247]
829,x829.jpg,[0.49731766 0.50510836]
830,x830.jpg,[0.51701767 0.49591633]
831,x831.jpg,[0.4907569  0.50539393]
832,x832.jpg,[0.51123025 0.52446825]
833,x833.jpg,[0.5094442  0.51745566]
834,x834.jpg,[0.50003284 0.47403173]
835,x835.jpg,[0.50052368 0.51294469]
836,x836.jpg,[0.53335358 0.49283892]
837,x837.jpg,[0.50626731 0.49354842]
838,x838.jpg,[0.5062437  0.51552044]
839,x839.jpg,[0.509949   0.51498479]
840,x840.jpg,[0.50455725 0.52954968]
841,x841.jpg,[0.49179877 0.5085533 ]
842,x842.jpg,[0.51439424 0.47717845]
843,x843.jpg,[0.51199189 0.48179912]
844,x844.jpg,[0.50726881 0.50443024]
845,x845.jpg,[0.50527652 0.49160012]
846,x846.jpg,[0.50666097 0.51403234]
847,x847.jpg,[0.50812512 0.50718492]
848,x848.jpg,[0.50733228 0.5099906 ]
849,x849.jpg,[0.50896604 0.50463558]
850,x850.jpg,[0.50573563 0.48119141]
851,x851.jpg,[0.49662218 0.50080101]
852,x852.jpg,[0.51172143 0.49381181]
853,x853.jpg,[0.50514931 0.50780905]
854,x854.jpg,[0.50341901 0.48832387]
855,x855.jpg,[0.50916787 0.48772997]
856,x856.jpg,[0.51617872 0.50032709]
857,x857.jpg,[0.5027735  0.51583722]
858,x858.jpg,[0.50643108 0.4994728 ]
859,x859.jpg,[0.50587434 0.48412999]
860,x860.jpg,[0.49837726 0.51605881]
861,x861.jpg,[0.49031565 0.50052112]
862,x862.jpg,[0.50815617 0.49988197]
863,x863.jpg,[0.50962437 0.48978956]
864,x864.jpg,[0.51432919 0.48322222]
865,x865.jpg,[0.52033418 0.50605841]
866,x866.jpg,[0.51014101 0.50614078]
867,x867.jpg,[0.50394788 0.49177763]
868,x868.jpg,[0.50049037 0.47801037]
869,x869.jpg,[0.5055563  0.51533742]
870,x870.jpg,[0.4882473 0.483684 ]
871,x871.jpg,[0.49556606 0.51226817]
872,x872.jpg,[0.50745187 0.50560762]
873,x873.jpg,[0.51434217 0.5067352 ]
874,x874.jpg,[0.50743336 0.52053818]
875,x875.jpg,[0.50532173 0.49855694]
876,x876.jpg,[0.506247   0.48992255]
877,x877.jpg,[0.50778634 0.50643415]
878,x878.jpg,[0.49394211 0.49944138]
879,x879.jpg,[0.50208906 0.50816397]
880,x880.jpg,[0.50553295 0.48900938]
881,x881.jpg,[0.5250413  0.48134144]
882,x882.jpg,[0.50578406 0.48700122]
883,x883.jpg,[0.48858217 0.50453307]
884,x884.jpg,[0.50604028 0.50306207]
885,x885.jpg,[0.50358587 0.47801008]
886,x886.jpg,[0.50751448 0.49486457]
887,x887.jpg,[0.50856668 0.5191958 ]
888,x888.jpg,[0.5044331  0.45469334]
889,x889.jpg,[0.50346451 0.49160742]
890,x890.jpg,[0.5054946  0.50398878]
891,x891.jpg,[0.50309933 0.48732385]
892,x892.jpg,[0.50874662 0.50403962]
893,x893.jpg,[0.50320672 0.49440547]
894,x894.jpg,[0.50815222 0.49327057]
895,x895.jpg,[0.50290862 0.53020652]
896,x896.jpg,[0.52613401 0.50107241]
897,x897.jpg,[0.51094572 0.49862112]
898,x898.jpg,[0.50915661 0.52435349]
899,x899.jpg,[0.50093475 0.50484829]
900,x900.jpg,[0.50389914 0.49075493]
901,x901.jpg,[0.49973096 0.5138916 ]
902,x902.jpg,[0.49781024 0.51198922]
903,x903.jpg,[0.51732075 0.50855727]
904,x904.jpg,[0.5025009  0.49225072]
905,x905.jpg,[0.49841852 0.51173987]
906,x906.jpg,[0.49499309 0.49661298]
907,x907.jpg,[0.49884973 0.46726316]
908,x908.jpg,[0.50234225 0.50679632]
909,x909.jpg,[0.50292835 0.51757807]
910,x910.jpg,[0.49669884 0.50643298]
911,x911.jpg,[0.49958166 0.50660486]
912,x912.jpg,[0.51620388 0.47797798]
913,x913.jpg,[0.54555201 0.51057874]
914,x914.jpg,[0.50462382 0.50036137]
915,x915.jpg,[0.5036839  0.52494119]
916,x916.jpg,[0.50754319 0.49843563]
917,x917.jpg,[0.52643279 0.49123196]
918,x918.jpg,[0.51843342 0.50013082]
919,x919.jpg,[0.51816293 0.50338537]
920,x920.jpg,[0.50586786 0.47549538]
921,x921.jpg,[0.50315193 0.4876232 ]
922,x922.jpg,[0.51834959 0.49648431]
923,x923.jpg,[0.50879325 0.50505116]
924,x924.jpg,[0.51920139 0.49341118]
925,x925.jpg,[0.51904137 0.48319359]
926,x926.jpg,[0.48139552 0.51002949]
927,x927.jpg,[0.52002115 0.51103348]
928,x928.jpg,[0.50699352 0.51178825]
929,x929.jpg,[0.55862438 0.49390501]
930,x930.jpg,[0.48317416 0.50089385]
931,x931.jpg,[0.50356124 0.50503886]
932,x932.jpg,[0.50347632 0.50219119]
933,x933.jpg,[0.51312256 0.49092597]
934,x934.jpg,[0.48788038 0.49139834]
935,x935.jpg,[0.50480649 0.53302254]
936,x936.jpg,[0.50279333 0.52287215]
937,x937.jpg,[0.50363341 0.50866529]
938,x938.jpg,[0.50158177 0.51869229]
939,x939.jpg,[0.51284396 0.49457061]
940,x940.jpg,[0.50781228 0.49946344]
941,x941.jpg,[0.49678451 0.4894736 ]
942,x942.jpg,[0.50619452 0.48922889]
943,x943.jpg,[0.50549099 0.50880508]
944,x944.jpg,[0.49096362 0.49142103]
945,x945.jpg,[0.51389088 0.5058255 ]
946,x946.jpg,[0.53110316 0.50310883]
947,x947.jpg,[0.50459903 0.51013555]
948,x948.jpg,[0.5084081  0.49125955]
949,x949.jpg,[0.5057596  0.49662379]
950,x950.jpg,[0.51176376 0.48811289]
951,x951.jpg,[0.49267366 0.50438437]
952,x952.jpg,[0.50621457 0.50941075]
953,x953.jpg,[0.52219796 0.5065237 ]
954,x954.jpg,[0.50798394 0.49764224]
955,x955.jpg,[0.51128962 0.49471091]
956,x956.jpg,[0.50570877 0.5196248 ]
957,x957.jpg,[0.503732   0.48842377]
958,x958.jpg,[0.50140878 0.50742729]
959,x959.jpg,[0.50164129 0.51160054]
960,x960.jpg,[0.5089801  0.49963274]
961,x961.jpg,[0.50367612 0.50299123]
962,x962.jpg,[0.49844339 0.50023802]
963,x963.jpg,[0.5073889  0.49265704]
964,x964.jpg,[0.50410735 0.52969323]
965,x965.jpg,[0.50469054 0.48964581]
966,x966.jpg,[0.50005191 0.49636444]
967,x967.jpg,[0.50381323 0.48598698]
968,x968.jpg,[0.50529639 0.49710922]
969,x969.jpg,[0.5089405  0.55435698]
970,x970.jpg,[0.50539258 0.49633118]
971,x971.jpg,[0.5047141  0.51268479]
972,x972.jpg,[0.51823532 0.49696717]
973,x973.jpg,[0.5019631  0.51824874]
974,x974.jpg,[0.5054478  0.49775556]
975,x975.jpg,[0.49941117 0.50907049]
976,x976.jpg,[0.51066248 0.49263282]
977,x977.jpg,[0.47845502 0.49925447]
978,x978.jpg,[0.50611059 0.49304625]
979,x979.jpg,[0.49348065 0.51107349]
980,x980.jpg,[0.51351168 0.4898533 ]
981,x981.jpg,[0.49098429 0.51273658]
982,x982.jpg,[0.51915959 0.52768647]
983,x983.jpg,[0.50429191 0.48784522]
984,x984.jpg,[0.50231345 0.4919161 ]
985,x985.jpg,[0.50528832 0.50801476]
986,x986.jpg,[0.50847612 0.51347248]
987,x987.jpg,[0.50200663 0.51232195]
988,x988.jpg,[0.50863261 0.50509083]
989,x989.jpg,[0.50420607 0.50141719]
990,x990.jpg,[0.49838158 0.50534261]
991,x991.jpg,[0.49794772 0.51143194]
992,x992.jpg,[0.50617535 0.47084376]
993,x993.jpg,[0.51867084 0.4595864 ]
994,x994.jpg,[0.50530904 0.49376621]
995,x995.jpg,[0.52668379 0.52223749]
996,x996.jpg,[0.51023912 0.50980052]
997,x997.jpg,[0.50061772 0.49346952]
998,x998.jpg,[0.50421745 0.50050013]
999,x999.jpg,[0.48551312 0.50099896]
